{"cameraMode":{"drawMode":0,"name":"Shaded","section":"Shading Mode"},"sceneLighting":true,"audioPlay":false,"sceneViewState":{"showFog":true,"showMaterialUpdate":false,"showSkybox":true,"showFlares":true,"showImageEffects":true,"showParticleSystems":true},"in2DMode":false,"pivot":{"x":-44.82194137573242,"y":227.96109008789063,"z":-53.2945556640625},"rotation":{"x":-0.09584997594356537,"y":-0.007465398870408535,"z":-0.0007188885356299579,"w":0.9953677654266357},"size":11686.298828125,"orthographic":false}